ID;GruppID;Artikelbenämning inkl styrka;FörpackingsstorlekStorlek;Lev artikelnummer:;Leverantör;PD/HD;Grupp (tex Baxter, Fresenius, Hjälpmedel, Barn);Undergrupp (t ex APD, CAPD, förbrukningsvaror);Artikelnummer;Beredningsform (tex tablett, kapsel, injektionsvätska mm);;;;;;;;
3;1;Extraneal peritonealdialys;4 x 2500 ml;;Baxter;PD;Baxter;APD;Läkemedel på recept;Dialysvätska;;;;;;;;
185;2;Extraneal;4 x 2500 ml;;Baxter;PD;Baxter;CAPD;Läkemedel på recept;Dialysvätska;;;;;;;;
6;1;Nutrineal pd4 1,1 % Aminosyror;4 x 2500 ml;;Baxter;PD;Baxter;APD;Läkemedel på recept;Dialysvätska;;;;;;;;
12;2;Nutrineal PD4 1,1 % Aminosyror;5 x 2000 ml;;Baxter;PD;Baxter;CAPD;Läkemedel på recept;Dialysvätska;;;;;;;;
7;1;Physioneal 40 Gluc 13,6mg Sing;4 x 2500 ml;;Baxter;PD;Baxter;APD;Läkemedel på recept;Dialysvätska;;;;;;;;
8;1;Physioneal 40 Gluc 22,7mg Sing;4 x 2500 ml;;Baxter;PD;Baxter;APD;Läkemedel på recept;Dialysvätska;;;;;;;;
9;1;Physioneal 40 Gluc 38,6mg Sing;4 x 2500 ml;;Baxter;PD;Baxter;APD;Läkemedel på recept;Dialysvätska;;;;;;;;
10;1;Physioneal 40 Gluc CF 22,7mg C-flex;2 x 5000 ml;;Baxter;PD;Baxter;APD;Läkemedel på recept;Dialysvätska;;;;;;;;
11;2;Extraneal peritonealdialys;5 x 2000 ml;;Baxter;PD;Baxter;CAPD;Läkemedel på recept;Dialysvätska;;;;;;;;
17;2;Physioneal 40 Gluc 13,6mg/ml D sk;4 x 2500 ml;;Baxter;PD;Baxter;CAPD;Läkemedel på recept;Dialysvätska;;;;;;;;
309;2;Physioneal 40 glucose 13,6mg/ml D sk;6x1500 ml;;Baxter;PD;Baxter;CAPD;Läkemedel på recept;Dialysvätska;;;;;;;;
310;2;Physioneal 40 glucose 22,7mg/ml D sk;6x1500 ml;;Baxter;PD;Baxter;CAPD;Läkemedel på recept;Dialysvätska;;;;;;;;
20;2;Physioneal 40 Gluc 22,7mg/ml D sk;4 x 2500 ml;;Baxter;PD;Baxter;CAPD;Läkemedel på recept;Dialysvätska;;;;;;;;
24;2;Physioneal 40 Gluc 38,6mg/ml D sk;4 x 2500 ml;;Baxter;PD;Baxter;CAPD;Läkemedel på recept;Dialysvätska;;;;;;;;
104;1;Physioneal 40 Gluc CF 13,6 mg Sing C-flex;2 x 5000 ml;Baxter ;Baxter;PD;Baxter;APD;Läkemedel på recept;Dialysvätska;;;;;;;;
105;1;Physioneal 40 Gluc CF 13,6 mg Sing - HC-SET Combi;2 x 5000 ml;;Baxter;PD;Baxter;APD;Läkemedel på recept;Dialysvätska;;;;;;;;
106;1;Physioneal 40 Gluc CF 22,7 mg Sing - HC-SET Combi;2 x 5000 ml;;Baxter;PD;Baxter;APD;Läkemedel på recept;Dialysvätska;;;;;;;;
107;1;Physioneal 40 Gluc CF 38,6 mg Sing C-flex;2 x 5000 ml;;Baxter;PD;Baxter;APD;Läkemedel på recept;Dialysvätska;;;;;;;;
311;2;Physioneal 40 glucose 38,6mg/ml D sk;6x1500 ml;;Baxter;PD;Baxter;CAPD;Läkemedel på recept;Dialysvätska;;;;;;;;
312;2;Physioneal 40 glucose 13,6mg/ml D sk;5x2000 ml;;Baxter;PD;Baxter;CAPD;Läkemedel på recept;Dialysvätska;;;;;;;;
313;2;Physioneal 40 glucose 22,7mg/ml D sk;5x2000 ml;;Baxter;PD;Baxter;CAPD;Läkemedel på recept;Dialysvätska;;;;;;;;
314;2;Physioneal 40 glucose 38,6mg/ml D sk;5x2000 ml;;Baxter;PD;Baxter;CAPD;Läkemedel på recept;Dialysvätska;;;;;;;;
25;3;MiniCap jodhatt art.nr SPC 4466;60 st;;Baxter;PD;Baxter;Förbrukningsvara CAPD/APD;SPC 4466;Tillbehör;;;;;;;;
26;3;Jodsnäcka art.nr SPC4211;60 st;;Baxter;PD;Baxter;Förbrukningsvara APD;SPC 4211;Tillbehör;;;;;;;;
28;3;Tompåse 3000 ml art.nr XMC 4284 lång slang;30 st;;Baxter;PD;Baxter;Förbrukningsvara CAPD;XMC4284;Tillbehör;;;;;;;;
30;3;4-armat slangset HC art.nr R5C4479;30 st;;Baxter;PD;Baxter;Förbrukningsvara APD;R5C4479;Tillbehör;;;;;;;;
31;3;8-armat slangset HC art.nr R5C4478;30 st;;Baxter;PD;Baxter;Förbrukningsvara APD;R5C4478;Tillbehör;;;;;;;;
32;3;OptiCap art.nr SPC4486;30 st;;Baxter;PD;Baxter;Förbrukningsvara APD;SPC4486;Tillbehör;;;;;;;;
168;15;Påsklämma;12 st;;Baxter;PD;Baxter;Förbrukningsvara CAPD;SPC4527;Tillbehör;;;;;;;;
386;3;Avloppsslang 3,5 m art.nr R5C4464F;30 st;;Baxter;PD;Baxter;Förbrukningsvara APD;R5C4464F;Tillbehör;;;;;;;;
48;7;Balance 1.25mmol calc 2,3% glucose ;4 x 3000 ml;;Fresenius Medical Care;PD;Fresenius;APD;Läkemedel på recept;Dialysvätska;;;;;;;;
55;8;Balance 1.25mmol calc 2,3% glucose;4 x 2500 ml;;Fresenius Medical Care;PD;Fresenius;CAPD;Läkemedel på recept;Dialysvätska;;;;;;;;
52;8;Balance 1.25mmol calc 1,5% glucose;4 x 2500 ml;;Fresenius Medical Care;PD;Fresenius;CAPD;Läkemedel på recept;Dialysvätska;;;;;;;;
54;8;Balance 1.25mmol calc 2,3% glucose;4 x 2000 ml;;Fresenius Medical Care;PD;Fresenius;CAPD;Läkemedel på recept;Dialysvätska;;;;;;;;
55;8;Balance 1.25mmol calc 2,3% glucose;4 x 2500 ml;;Fresenius Medical Care;PD;Fresenius;CAPD;Läkemedel på recept;Dialysvätska;;;;;;;;
;;Balance 1,25mmol calc 4,25% glucose;4x3000 ml;;Fresenius Medical Care;PD;Fresenius;APD;Läkemedel på recept;Dialysvätska;;;;;;;;
57;8;Balance 1.25mmol calc 4,25% glucose;4 x 2000 ml;;Fresenius Medical Care;PD;Fresenius;CAPD;Läkemedel på recept;Dialysvätska;;;;;;;;
126;8;Balance 1.25mmol calc 4,25% glucos;4 x 2500 ml;;Fresenius Medical Care;PD;Fresenius;CAPD;Läkemedel på recept;Dialysvätska;;;;;;;;
318;7;Balance 1.25mmol calc 1,5% glucose;2x5000 ml;;Fresenius Medical Care;PD;Fresenius;APD;Läkemedel på recept;Dialysvätska;;;;;;;;
319;7;Balance 1.25mmol calc 2,3% glucose;2x5000 ml;;Fresenius Medical Care;PD;Fresenius;APD;Läkemedel på recept;Dialysvätska;;;;;;;;
358;7;Balance 1.25mmol calc 4,25% glucose;2x5000 ml;;Fresenius Medical Care;PD;Fresenius;APD;Läkemedel på recept;Dialysvätska;;;;;;;;
59;9;Luer-lock set CAPD Stay Safe 203002;30 st;;Fresenius Medical Care;PD;Fresenius;Förbrukningsvara CAPD;2599911;Tillbehör;;;;;;;;
61;9;Slangset Sleep Safe Set Plus 5016931;16 st;;Fresenius Medical Care;PD;Fresenius;Förbrukningsvara APD;Lev nr 5016931;Tillbehör;;;;;;;;
65;9;Luer-lock adapter Sleep Safe 5016971;20 st;;Fresenius Medical Care;PD;Fresenius;Förbrukningsvara APD;Levnr 5016971;Tillbehör;;;;;;;;
;;Sleep safe  avloppsslang 12 m;12 st /fp;;Fresenius Medical Care;PD;Fresenius;Förbrukningsvara APD;F00001511;Tillbehör;;;;;;;;
351;9;Dräneringsset Stay Safe 209226;30 st;;Fresenius Medical Care;PD;Fresenius;Förbrukningsvara CAPD;2599901;Tillbehör;;;;;;;;
66;9;Desinfektionshylsa -Jodhatt Stay safe  ;40 st;;Fresenius Medical Care;PD;Fresenius;Förbrukningsvara CAPD/APD;Levnr 2845091;Tillbehör;;;;;;;;
189;6; Blå peanger SP39 Gambro;5st;;Fresenius Medical Care;PD;Fresenius;Förbrukningsvara CAPD;2845241;Tillbehör;;;;;;;;
69;10;Klorhexidinsprit 5 mg/ml;250 ml;;Kronans droghandel Apoteket AB;PD;Övrigt;Övrigt;114056823;;;;;;;;;
70;10;Klorhexidinlösning 2 mg/ml;250 ml;;;PD;Övrigt;Övrigt;;;;;;;;;;
72;10;Häftborttagningsmedel våtservett;50 st;;Dansacand Hollister Scandinavia Inc;PD;Övrigt;Övrigt;levnr 082-30 produktnr 113265219;;;;;;;;;
80;11;Kompress höggradigt ren 7,5 x 7,5 cm;150 st;;AST medical AB;PD;Övrigt;Övrigt;2220002;;;;;;;;;
85;11;Kompress sterila 5 x 5 cm;125 st;;AST Medical AB;PD;Övrigt;Övrigt;1250002;;;;;;;;;
;;HandskeNitrile Ultra Comfort XL;150 ST;;Mediq Sverige Exclusive AB;PD;Övrigt;Övrigt;KL-102405;;;;;;;;;
82;11;Handske Nitrile Ultra Comfort Large;150 st;;Mediq Sverige Exclusive AB;PD;Övrigt;Övrigt;KL-102404;;;;;;;;;
83;11;Handske Nitril Ultra Comfort Medium;150 st;;Mediq Sverige Exclusive AB;PD;Övrigt;Övrigt;KL-102403 ;;;;;;;;;
84;11;Handske Nitrile Ultra Comfort Small;150 st;;Mediq Sverige Exclusive AB;PD;Övrigt;Övrigt;KL-102402;;;;;;;;;
89;11;Handdesinfektion DES 75 , 600ml;1 st;;LIV health care;PD;Övrigt;Övrigt;17149600;;;;;;;;;
90;11;Handdesinfektion DES 75,  150ml;1 st;;LIV health care;PD;Övrigt;Övrigt;17149150;;;;;;;;;
;;Handdesinfektion DES GEL 85 ;150ml;;LIV health care;PD;Övrigt;Övrigt;17159150;;;;;;;;;
;;Handdesinfektion DES GEL 85;600 ml ;;LIV health care;PD;Övrigt;Övrigt;17159600;;;;;;;;;
153;11;Tvål flyt allround 600 ml;1 st;;LIV Healthcare;PD;Övrigt;Övrigt;17279600;;;;;;;;;
91;11;Desinfektionsmeddel för ytor, etanol 1000ml;1 st;;CCS Hygien A/S;PD;Övrigt;Övrigt;475-12;;;;;;;;;
151;11;Cavilon barriärfilm, pinne;25 st;;3 M svenska AB;PD;Övrigt;Övrigt;104742390;;;;;;;;;
230;21;Ytdesinfektion Plus;1000 ml;;CCS Hygien A/S;PD;Övrigt;Övrigt;468-12;;;;;;;;;
241;21;Soppåse röd, liten 70 Liter ;rulle;Artikelnummer? Linda ;Procurator Sverige AB;PD;Övrigt;Övrigt;2039037;;;;;;;;;
242;21;Soppåse röd, stor 125 Liter ;rulle;Artikelnummer?;Procurator Sverige AB;PD;Övrigt;Övrigt;2035279;;;;;;;;;
300;11;Papper Handduk 21 x 26 cm, 2 lager;135 st;;Metsä Tissue AB;PD;Övrigt;Övrigt;;;;;;;;;;
301;11;Förband häftkant 7x5 Curapore;60 st;;Lohmann & Rauscher AB;PD;Övrigt;Övrigt;32912;;;;;;;;;
;;Förband häftkant 8x10 Curapore;50 st;;Lohmann & Rauscher AB;PD;Övrigt;Övrigt;32913;;;;;;;;;
302;11;Förband häftkant 10x15 Curapore;50 st;;Lohmann & Rauscher AB;PD;Övrigt;Övrigt;32914;;;;;;;;;
329;11;Häfta Micropore 2,5 cm x 9,1 m;1 st;Linda kollar ;3M Svenska AB;PD;Övrigt;Övrigt;1530-1;;;;;;;;;
330;11;Häfta konstsilke rule 2,5mx9,1m Durapore;1 st;Linda ;3M Svenska AB;PD;Övrigt;Övrigt;1538-1;;;;;;;;;
332;11;Häfta Mepitac, 2 cm x 3 m;1 st;Linda;Mölnycke Health Care AB;PD;Övrigt;Övrigt;298300;;;;;;;;;
333;11;Häfta Flexi-Trak, large, 4 x 1 1/2;50 st;Jessika;Conva Tec Sweden AB;PD;Övrigt;Övrigt;849596;;;;;;;;;
335;11;Förband Mepilex boarder lite 4x5 cm;10 st;Jessika;Mölnycke Health Care AB;PD;Övrigt;Övrigt;281000;;;;;;;;;
345;11;Förband Mepilex boarder lite 7,5 x 7,5 cm;5 st;Jessika;Mölnycke Health Care AB;PD;Övrigt;Övrigt;281200;;;;;;;;;
352;11;Förband Mepilex Border Lite 10 x 10 cm;5 st;Jessika;Mölnycke Health Care AB;PD;Övrigt;Övrigt;281300;;;;;;;;;
359;11;Papper Torkrulle;1 st;;Metsä Tissue AB;PD;Övrigt;Övrigt;447505;;;;;;;;;
360;11;Munskydd;50st;;HARTMANN-ScandiCare AB;PD;Övrigt;Övrigt;992537;;;;;;;;;
370;11;Häfta Mepitac, 4 cm x 1,5 m;1 st;Jessika ;Mölnycke Health Care AB;PD;Övrigt;Övrigt;298400;;;;;;;;;
368;10;Buntband;100 st;;Hellermann Tyton AB;PD;Övrigt;Övrigt;138-00006 ;;;;;;;;;
375;11;Förband Mediplast 8,5x15,5;50x1;;Mediplast AB;PD;Övrigt;Övrigt;60701035;;;;;;;;;
380;11;Evercare elastisk väv rulle 15cm x 10m;1st;;One Med Sverige AB;PD;Övrigt;Övrigt;4570;;;;;;;;;
381;11;Vitri Sårfilm 15cm x 10m;1st;Linda;ViTri Medical AB;PD;Övrigt;Övrigt;803012;;;;;;;;;
;;IV3000 ;50st;pia ;Smith och Nethew AB;PD;Övrigt;Övrigt;102734407;;;;;;;;;
;;Extraneal peritonealdialys;4 x 2500 ml;;;Barn;;;Läkemedel på recept;;;;;;;;;
;;Physioneal 40 Gluc CF 22,7mg C-flex;2 x 5000 ml;;;Barn;;;Läkemedel på recept;;;;;;;;;
;;MiniCap jodhatt art.nr SPC 4466;60 st;;;Barn;;;261024;;;;;;;;;
;;Jodsnäcka art.nr SPC4211;60 st;;;Barn;;;260992;;;;;;;;;
;;Tömningspåse 15 l art.nr R5C4145P;30 st;;;Barn;;;203519;;;;;;;;;
;;Klorhexidinsprit 5 mg/ml;250 ml;;;Barn;;;538025;;;;;;;;;
;;Häftborttagningsmedel våtservett;50 st;;;Barn;;;104094081;;;;;;;;;
;;Förband Opsite IV 3000 10 x 14 cm;50 st;;;Barn;;;102734407;;;;;;;;;
;;Kompress höggradigt ren 7,5 x 7,5 cm;150 st;;;Barn;;;102747664;;;;;;;;;
;;Desinfektionsmedel hand 600ml LIV;1 st;;;Barn;;;112184304;;;;;;;;;
;;Physioneal Glucose 13,6 mg/ml;4 x 2500 ml;;;Barn;;;6264;;;;;;;;;
;;Physioneal 40 Gluc CF 13,6 mg Sing C-flex;2 x 5000 ml;;;Barn;;;16111;;;;;;;;;
;;Cavilon barriärfilm, pinne;25 st;;;Barn;;;102733672;;;;;;;;;
;;Physioneal Glucose 22,7 mg/ml;4 x 2500 ml;;;Barn;;;Läkemedel på recept;;;;;;;;;
;;Extraneal;4 x 2500 ml;;;Barn;;;Läkemedel på recept;;;;;;;;;
;;MiniCap aggregatskydd med jod (4-6 mån);60 st;;;Barn;;;SPC4466;;;;;;;;;
;;HomeChoice 4-armat slangset, skruvkoppling;30 st;;;Barn;;;R5C4479;;;;;;;;;
;;HomeChoice 8-armat slangset, skruvkoppling;30 st;;;Barn;;;R5C4478;;;;;;;;;
;;APD förgreningsset 5-armat;30 st;;;Barn;;;R5C4427;;;;;;;;;
;;Förlängningsslang avlopp längd 3,5 meter;15 st;;;Barn;;;R5C4464C;;;;;;;;;
;;Tömningspåse, 15L;30 st;;;Barn;;;R5C4145P;;;;;;;;;
;;Pediatrisk Home Choice maskinset R5C 8303;;;;Barn;;;R5C8303;;;;;;;;;
;;Sopsäck, 70 liter, brännbart;25 st;;;Barn;;;112451612;;;;;;;;;
;;Omniplast textiltejp 1.25x5;10st/kartong;;;Barn;;;900 530;;;;;;;;;
;;IV3000 Standard;50st;;;Barn;;;4973;;;;;;;;;
;;NaCL 9 mg/ml, 2000 ml;;;;HD;;;Läkemedel på recept;;;;;;;;;
;;NaCL 9 mg/ml, 1000 ml;;;;HD;;;Läkemedel på recept;;;;;;;;;
;;NaCL, 9 mg/ml, 100 ml;;;;HD;;;Läkemedel på recept;;;;;;;;;
;;Na CL, 9 mg/ml, 10 ml;;;;HD;;;Läkemedel på recept;;;;;;;;;
;;U-sprit, 70%;;;;HD;;;Läkemedel på recept;;;;;;;;;
;;Klorhexidinsprit 5 mg/ml, 250 ml;;;;HD;;;Läkemedel på recept;;;;;;;;;
;;Innohep, 10000 antiXa IE/ml, 4500 E;;;;HD;;;Läkemedel på recept;;;;;;;;;
;;Innohep, 10000 antiXa IE/ml, 3500 E;;;;HD;;;Läkemedel på recept;;;;;;;;;
;;Innohep, 10000 antiXa IE/ml, 2500 E;;;;HD;;;Läkemedel på recept;;;;;;;;;
;;Tapin, bedövningsplåster;;;;HD;;;Läkemedel på recept;;;;;;;;;
;;Tapin, bedövningskräm;;;;HD;;;Läkemedel på recept;;;;;;;;;
;;Eporatio 1000IE;;;;HD;;;Läkemedel på recept;;;;;;;;;
;;Eporatio 2000IE;;;;HD;;;Läkemedel på recept;;;;;;;;;
;;Eporatio 3000IE;;;;HD;;;Läkemedel på recept;;;;;;;;;
;;Eporatio 4000IE;;;;HD;;;Läkemedel på recept;;;;;;;;;
;;Eporatio 5000IE;;;;HD;;;Läkemedel på recept;;;;;;;;;
;;Eporatio 10000IE;;;;HD;;;Läkemedel på recept;;;;;;;;;
;;Zemplar inj, 5 mkr/ml;;;;HD;;;Läkemedel på recept;;;;;;;;;
;;Slanset till värmare för 5 påsar Nx Stage;24;;Nordic Medcom AB;HD;Nx Stage;;FWS-304;;;;;;;;;
;;Slanset till värmare för 8 påsar Nx Stage;24;;Nordic Medcom AB;HD;Nx Stage;;FWS-308;;;;;;;;;
;;Avflödesslang till Nx Stage;24;;Nordic Medcom AB;HD;Nx Stage;;ANC-200;;;;;;;;;
;;Vattenreningskasett;1;;Nordic Medcom AB;HD;Nx Stage;;PAK-001;;;;;;;;;
;;Slangkasett KAR-172;6;;Nordic Medcom AB;HD;Nx Stage;;CAR-172;;;;;;;;;
;;Steril Dialysate 5L, 40 mmol Laktat, 1 mmol Kalium till NxStage dialysmaskin;2;;Nordic Medcom AB;HD;Nx Stage;;RFP-204;;;;;;;;;
;;Steril Dialysate 45 mmol Laktat, 2 mmol Kalium;2;;Nordic Medcom AB;HD;Nx Stage;;RFP-209;;;;;;;;;
;;Dialysatsäck, 60L, Lak.40, K+=1,CI-=105 NxStage dialysmaskin;2;;Nordic Medcom AB;HD;Nx Stage;;SAK-302;;;;;;;;;
;;Dialysatsäck, 50L, Laktat.45, K+=2,CI-=101NxStage dialysmaskin;2;;Nordic Medcom AB;HD;Nx Stage;;SAK-304;;;;;;;;;
;;BiBag 650 g;;;Fresenius;HD;Fresenius;;102721842;;;;;;;;;
;;BiBag 900 g;;;Fresenius;HD;Fresenius;;102721909;;;;;;;;;
;;Slangset 4008;;;Fresenius;HD;Fresenius;;105344162;;;;;;;;;
;;Slangset 5008 ;;;Fresenius;HD;Fresenius;;H00000385;;;;;;;;;
;;Slangset 5008 utan BVM;;;Fresenius;HD;Fresenius;;F00000384;;;;;;;;;
;;Diasafe, förfilter;;;Fresenius;HD;Fresenius;;5008201;;;;;;;;;
;;Avflödespåse, 2L;;;Nordic Medcom;HD;Fresenius;;LI973;;;;;;;;;
;;Sensor VenAcc ;40;;Fresenius;HD;Fresenius;;109730242;;;;;;;;;
;;Citrosteril, 2L;;;Fresenius;HD;Fresenius;;102724879;;;;;;;;;
;;Citrosteril, 5L;;;Fresenius;HD;Fresenius;;110894557;;;;;;;;;
;;Dialyskoncentrat 111, 25;;;Fresenius;HD;Fresenius;koncentrat;F00006883;Koncentrat;;;;;;;;
;;Dialyskoncentrat 111, 50;;;Fresenius;HD;Fresenius;koncentrat;F0000064D;Koncentrat;;;;;;;;
;;Dialyskoncentrat 211, 25;;;Fresenius;HD;Fresenius;koncentrat;110894516;Koncentrat;;;;;;;;
;;Dialyskoncentrat 211, 5 ;;;Fresenius;HD;Fresenius;koncentrat;110894524;Koncentrat;;;;;;;;
;;Dialyskoncentrat 311, 25;;;Fresenius;HD;Fresenius;koncentrat;F000067D;Koncentrat;;;;;;;;
;;Dialyskoncentrat 411, 25;;;Fresenius;HD;Fresenius;koncentrat;113315931;Koncentrat;;;;;;;;
;;Dialysator FX80;24;;Fresenius;HD;Fresenius;Dialysfilter;F00001591;Dialysfilter;;;;;;;;
;;Dialysator FX100;24;;Fresenius;HD;Fresenius;Dialysfilter;F00001592;Dialysfilter;;;;;;;;
;;Dialysator FX800;24;;Fresenius;HD;Fresenius;Dialysfilter;F00001594;Dialysfilter;;;;;;;;
;;Dialysator FX1000;24;;Fresenius;HD;Fresenius;Dialysfilter;F00001595;Dialysfilter;;;;;;;;
;;Citrosteril, 100 ml;;;Fresenius;HD;Fresenius;Aqua Uno;102724861;;;;;;;;;
;;Puristeril, 200 ml;;;Fresenius;HD;Fresenius;Aqua Uno;103610796;;;;;;;;;
;;Klorsticka;1;;Baxter Medical AB;HD;;Aqua Uno;112834338;;;;;;;;;
;;Peroxidsticka;1;;Baxter Medical AB;HD;;Aqua Uno;112834346;;;;;;;;;
;;Dialyskanyl trubbig ven, 15Gx 20 mm, m. petare;250;;Nordic Medcom;HD;;dialyskanyl;BH-4005PE;dialyskanyl;;;;;;;;
;;Dialyskanyl trubbig ven, 15Gx 20 mm;50;;Bionic;HD;;dialyskanyl;113089098;dialyskanyl;;;;;;;;
;;Dialyskanyl vass ven, 15Gx 20 mm, 30 cm slang;50;;Bionic;HD;;dialyskanyl;106030810;dialyskanyl;;;;;;;;
;;Kanyl fistel metall vass utan nålskydd, artär 15G 20 mm, med slang 30 cm. Singelpack.;50;;MediTech Nordic AB;HD;;dialyskanyl;846-AGAM;dialyskanyl;;;;;;;;
;;Trubbig kanyl artär 15G,20 mm,slang 30cm,skorpborttagare;50;;MediTech Nordic AB;HD;;dialyskanyl;846-AGAM-BH-S;dialyskanyl;;;;;;;;
;;Tvättset, Start/Avslut universal;50;;Nordic Medcom;HD;;Förbrukningsvaror;VGR1;;;;;;;;;
;;Dialys Y-koppling med spike;50;;Nordic Medcom;HD;;Förbrukningsvaror;Y-2;;;;;;;;;
;;CDK-lås förfylld spruta, Duralock 46,7 %;30;;Nordic Medcom;HD;;Förbrukningsvaror;PFDLC546;;;;;;;;;
;;Sensor Redsense;100;;Nordic Medcom;HD;;Förbrukningsvaror;RS-1-RS201-Z;;;;;;;;;
;;Förfylld Spruta 2-pack 5ml med 3ml Natriumcitrat 46,7%;100;;Codan;HD;;Förbrukningsvaror;38143-1;;;;;;;;;
;;TauroLock 5A Hep500 (TauroLock 5 mL i ampull med Heparin 500 ie/mL);10;;Transcutan AB;HD;;Förbrukningsvaror;TP-02-5;;;;;;;;;
;;Slang till sprutpump, 50 cm;;;B Braun;HD;;Förbrukningsvaror;8255059;;;;;;;;;
;;Uppdragningsspike med filter ;50;;B Braun;HD;;Förbrukningsvaror;4550591;;;;;;;;;
;;Posiflush förfylld spruta, 10 ml NaCl;30;;BD;HD;;Förbrukningsvaror;306575;;;;;;;;;
;;Spruta luer slip, 1 ml;120;;BD ;HD;;Förbrukningsvaror;110837218;;;;;;;;;
;;Spruta luer slip, 2 ml ;100;;BD;HD;;Förbrukningsvaror;110837226;;;;;;;;;
;;Spruta luer slip, 5 ml;100;;BD;HD;;Förbrukningsvaror;110837234;;;;;;;;;
;;Spruta luer slip, 10 ml;100;;BD;HD;;Förbrukningsvaror;110834413;;;;;;;;;
;;Spruta luer slip, 20 ml;120;;BD;HD;;Förbrukningsvaror;110837242;;;;;;;;;
;;Spruta luer lock, 3 ml;120;;BD;HD;;Förbrukningsvaror;102777000;;;;;;;;;
;;Spruta luer lock, 5 ml;125;;BD;HD;;Förbrukningsvaror;102777026;;;;;;;;;
;;Spruta luer lock, 10 ml;100;;BD;HD;;Förbrukningsvaror;102777059;;;;;;;;;
;;Spruta luer lock, 20 ml;60;;BD;HD;;Förbrukningsvaror;102777083;;;;;;;;;
;;Spruta luer lock, 30 ml;60;;BD;HD;;Förbrukningsvaror;301229;;;;;;;;;
;;Spruta luer lock, 50 ml;60;;BD;HD;;Förbrukningsvaror;102777125;;;;;;;;;
;;Uppdragningskanyl m. filter, 1,2 mm x 50 mm;100;;OneMed;HD;;Förbrukningsvaror;910603A;;;;;;;;;
;;Surgifix, Tubnät B, 2,3 cm x 25 m, grön;;;OneMed;HD;;Förbrukningsvaror;250002;;;;;;;;;
;;Förlängningsslag till dialyskanyl, 20 cm;50;;Baxter;HD;;Förbrukningsvaror;S-1016;;;;;;;;;
;;CDK-förband IV3000, 7 cm x 9 cm, m. slits;100;;Smith & Nephew;HD;;Förbrukningsvaror;4006;;;;;;;;;
;;CDK-förband Tegaderm, 10 cm x 15,5 cm, m. slits;25;;3M;HD;;Förbrukningsvaror;1650IV;;;;;;;;;
;;Cavilon, hudbarriärsskydd, pinne, 1 ml;25;;3M;HD;;Förbrukningsvaror;3343N;;;;;;;;;
;;TEGO Connector;100;;Spirel;HD;;Förbrukningsvaror;4306001;;;;;;;;;
;;Combistopper, hona/hane;100;;Vygon Sweden AB;HD;;Förbrukningsvaror;9888.002;;;;;;;;;
;;Handdesinfektion ;1;;LIV Healthcare AB;HD;;Förbrukningsvaror;17149600;;;;;;;;;
;;Sopsäck 60 L grå;25;;Procurator Sverige AB;HD;;Förbrukningsvaror;2035284;;;;;;;;;
;;Tvättlappar;125;;Abena AB;HD;;Förbrukningsvaror;246151;;;;;;;;;
;;torkrulle liten;12;;Metsä Tissue AB;HD;;Förbrukningsvaror;447403;;;;;;;;;
;;torkrulle stor;1;;Metsä Tissue AB;HD;;Förbrukningsvaror;448610;;;;;;;;;
;;Kompress nonwoven 7,5x 7,5cm 2-pack Steril;140;;AST Medical AB;HD;;Förbrukningsvaror;2250003;;;;;;;;;
;;Häfta nonw 1,25cmx9,1m beige Micropore;24;;3M Svenska AB;HD;;Förbrukningsvaror;1533-0;;;;;;;;;
;;Fix häfta nonw 5cmx10m ;1;;One Med Sverige AB;HD;;Förbrukningsvaror;4560;;;;;;;;;
;;Omnistrip 25x127mm;200;;HARTMANN-ScandiCare AB;HD;;Förbrukningsvaror;540686;;;;;;;;;
;;Handskar us nitril Evercare S pf blå ;100;;OneMed Sverige AB;HD;;Förbrukningsvaror;6401;;;;;;;;;
;;Handskar us nitril Evercare M pf blå kraftig AQL 1,0;100;;OneMed Sverige AB;HD;;Förbrukningsvaror;6402;;;;;;;;;
;;Handskar us nitril Evercare L pf kraftig blå AQL 1,0;100;;OneMed Sverige AB;HD;;Förbrukningsvaror;6403;;;;;;;;;
;;Handskar us nitril Evercare XL pf kraftig blå AQL 1,0;100;;OneMed Sverige AB;HD;;Förbrukningsvaror;6404;;;;;;;;;
;;"Kanyl inj KD-FINE 1,20x50mm 18G x 2"" rosa";100;;OneMed Sverige AB;HD;;Förbrukningsvaror;900444;;;;;;;;;
;;Omläggningsset non-woven Steril;10;;AST Medical AB;HD;;Förbrukningsvaror;9150024;;;;;;;;;
;;Binda elastisk tunn 6cmx4m;20;;AST Medical AB;HD;;Förbrukningsvaror;3310022;;;;;;;;;
;;Kompressionsförband Nipro;500;;Nordic Medcom AB;HD;;Förbrukningsvaror;PB-L-EJ;;;;;;;;;
;;häfta elastisk väv 2,5cmx9,1m Medipore;2;;3M Svenska AB;HD;;Förbrukningsvaror;102740347;;;;;;;;;
;;MEPITAC Fixeringstejp med Safetac, mjuk silikon 2,0cm x 3,0m;1;;Mölnlycket Health Care;HD;;Förbrukningsvaror;298300;;;;;;;;;
;;Kanylburk 5 L;1;;Sansac AB;HD;;Förbrukningsvaror;65-CS50LVG;;;;;;;;;
;;Riskavfallsbehållare 3 liter;;;SanSac AB ;HD;;Förbrukningsvaror;65-CS30VG;;;;;;;;;
;;Riskavfallsbehållare 30 liter;;;SanSac AB ;HD;;Förbrukningsvaror;65-SB25VG;;;;;;;;;
;;Lock till riskavfallsbehållare 30 liter;;;SanSac AB ;HD;;Förbrukningsvaror;65-SBL02VG;;;;;;;;;
;;Riskavfallsbehållare 50 liter;;;SanSac AB ;HD;;Förbrukningsvaror;65-SC50VG;;;;;;;;;
;;Lock till riskavfallsbehållare 50 liter;;;SanSac AB ;HD;;Förbrukningsvaror;65-SBL01VG;;;;;;;;;
;;Buntband;;;Hellerman Tyfon AB;HD;;Förbrukningsvaror;111-02500;;;;;;;;;
;;Plastbägare 12 cl.;;;Procurator Sverige AB;HD;;Förbrukningsvaror;2024691;;;;;;;;;
;;Sopsäck 120 liter;;;Procurator Sverige AB;HD;;Förbrukningsvaror;2035278;;;;;;;;;
;;Etiketter stickande/skärande;10;;Interket AB;HD;;Förbrukningsvaror;720973 BR om 10st;;;;;;;;;
;;Etiketter Humanavfall;10;;Interket AB;HD;;Förbrukningsvaror;720974 Bunt om 10st;;;;;;;;;
;;Ytdesinfektion 70%;1;;CCS Hygien/S;HD;;Förbrukningsvaror;C473;;;;;;;;;
;;Soppåse Röd 70 L;25;;Procurator Sverige AB;HD;;Förbrukningsvaror;2039037;;;;;;;;;
;;CDK Avslut;;;Mediplast;HD;;Förbrukningsvaror;60173058D;;;;;;;;;
;;CDK Start;;;Mediplast;HD;;Förbrukningsvaror;60173005D;;;;;;;;;
;;Tvättset start fistel;;;Mediplast;HD;;Förbrukningsvaror;60173041D;;;;;;;;;
;;Osterilt underlägg;;;Mediplast;HD;;Förbrukningsvaror;60173017D;;;;;;;;;
;;Häfta nonw 2,50cmx9,1m beige Micropore;;;3-M Svenska AB;HD;;Förbrukningsvaror;1533-1;;;;;;;;;
;;Durapore 2,5 cm x 9,1 m;;;3-M Svenska AB;HD;;Förbrukningsvaror;1538-1;;;;;;;;;
;;Mefix 10 cm x 10  m;1;;Mölnlycket Health Care;HD;;Förbrukningsvaror;311000;;;;;;;;;
;;munskydd;100;;3-M Svenska AB;HD;;Förbrukningsvaror;1810F;;;;;;;;;
;;Tubibandage 3,5 x 10 m;1;;Vitri;HD;;Förbrukningsvaror;31100;;;;;;;;;
;;Tubibandage 7,5 cm x 10 m;1;;Vitri;HD;;Förbrukningsvaror;31102;;;;;;;;;
;;Remove;1;;Atos medical AB;HD;;Förbrukningsvaror;8002;;;;;;;;;
;;Statlock Dialysis 2;25;;Bard;HD;;Förbrukningsvaror;BDS2;;;;;;;;;
;;Statlock Pic 2;25;;Bard;HD;;Förbrukningsvaror;VCDS2;;;;;;;;;
